muestra,grupo,sexo,edad,biomarcador,expresion_gen,respuesta
M01,Control,Masculino,59,60.04,1.93,Respondedor
M02,Control,Femenino,72,37.34,1.08,No respondedor
M03,Control,Femenino,44,50.96,1.33,Respondedor
M04,Control,Masculino,67,45.64,1.59,No respondedor
M05,Control,Femenino,38,40.78,1.41,Respondedor
M06,Control,Femenino,54,36.78,1.47,No respondedor
M07,Control,Femenino,39,52.3,1.56,No respondedor
M08,Control,Femenino,67,40.58,1.61,No respondedor
M09,Control,Masculino,61,54.22,1.49,No respondedor
M10,Control,Femenino,65,36.25,0.92,Respondedor
M11,Control,Masculino,42,42.46,0.85,No respondedor
M12,Control,Masculino,60,45.72,1.12,No respondedor
M13,Control,Masculino,46,44.99,1.53,Respondedor
M14,Control,Masculino,47,32.13,0.74,No respondedor
M15,Control,Masculino,58,36.69,1.07,No respondedor
M16,Control,Femenino,62,40.43,1.71,Respondedor
M17,Tratamiento A,Masculino,54,49.46,1.64,Respondedor
M18,Tratamiento A,Masculino,45,64.77,2.18,Respondedor
M19,Tratamiento A,Femenino,43,63.88,1.55,Respondedor
M20,Tratamiento A,Femenino,68,38.43,0.66,Respondedor
M21,Tratamiento A,Femenino,59,39.95,1.57,Respondedor
M22,Tratamiento A,Masculino,60,45.18,1.04,No respondedor
M23,Tratamiento A,Masculino,76,59.17,1.68,Respondedor
M24,Tratamiento A,Masculino,43,78.33,2.14,Respondedor
M25,Tratamiento A,Femenino,80,54.18,1.35,Respondedor
M26,Tratamiento A,Masculino,87,60.51,2.04,No respondedor
M27,Tratamiento A,Masculino,70,47.37,1.74,Respondedor
M28,Tratamiento A,Masculino,61,47.53,1.53,Respondedor
M29,Tratamiento A,Femenino,45,38.43,1.2,Respondedor
M30,Tratamiento A,Masculino,63,57.72,1.67,No respondedor
M31,Tratamiento A,Masculino,47,67.47,1.61,No respondedor
M32,Tratamiento A,Masculino,52,54.43,1.51,Respondedor
M33,Tratamiento B,Masculino,49,61.57,1.7,Respondedor
M34,Tratamiento B,Femenino,55,50.78,1.29,No respondedor
M35,Tratamiento B,Femenino,66,48.67,1.62,No respondedor
M36,Tratamiento B,Femenino,46,53.66,1.23,Respondedor
M37,Tratamiento B,Femenino,41,53.39,1.44,No respondedor
M38,Tratamiento B,Femenino,41,59.33,1.17,Respondedor
M39,Tratamiento B,Femenino,41,41.78,1.39,Respondedor
M40,Tratamiento B,Femenino,36,28.41,1.14,Respondedor
M41,Tratamiento B,Masculino,42,50.03,1.6,Respondedor
M42,Tratamiento B,Masculino,66,43.49,1.96,Respondedor
M43,Tratamiento B,Femenino,45,48.76,1.64,No respondedor
M44,Tratamiento B,Femenino,55,63.98,1.56,No respondedor
M45,Tratamiento B,Femenino,39,39.07,1.8,Respondedor
M46,Tratamiento B,Masculino,54,55.88,1.39,Respondedor
M47,Tratamiento B,Masculino,33,57.51,1.8,Respondedor
M48,Tratamiento B,Femenino,44,53.15,1.69,No respondedor
