ID,Grupo,Sexo,Edad,IL6_pg_mL,TNFa_pg_mL,NRF2_exp_relativa
M001,Control,F,42,10.5,16.1,1.32
M002,Control,F,36,14.1,17.5,1.05
M003,Control,M,59,10,10,0.85
M004,Control,M,28,10,19.8,1.21
M005,Control,M,35,9.6,14.2,1.4
M006,Control,M,46,15,16.2,0.85
M007,Control,M,27,11,13.5,1.07
M008,Control,M,23,13.6,14.4,1.08
M009,Control,F,47,14,16.7,1.32
M010,Control,M,54,13.2,20.4,1.33
M011,CHC,M,55,20.1,29.6,0.96
M012,CHC,M,54,24.3,22.5,0.53
M013,CHC,F,25,31.4,31.4,0.8
M014,CHC,M,52,18.3,37.9,0.91
M015,CHC,F,62,27.2,34.1,0.83
M016,CHC,M,57,22.4,40,0.73
M017,CHC,M,47,22.9,27.3,0.56
M018,CHC,F,31,26.5,32.8,0.67
M019,CHC,M,45,30.7,26.7,0.69
M020,CHC,M,49,24.9,38.3,0.9
M021,CHC + ECG,M,51,19.2,15.4,1.25
M022,CHC + ECG,M,50,19.2,16.6,1.04
M023,CHC + ECG,M,26,16.5,26.6,1
M024,CHC + ECG,F,48,11.5,26.8,0.77
M025,CHC + ECG,M,59,15.5,25.7,1.19
M026,CHC + ECG,F,37,11.2,14.6,1.14
M027,CHC + ECG,M,64,17.6,19,0.7
M028,CHC + ECG,M,30,15.5,20.6,0.8
M029,CHC + ECG,M,27,14.2,16.2,0.81
M030,CHC + ECG,M,54,14.1,25.3,1.12
