"id","sexo","imc","presion_sistolica"
1,"Hombre",27.513274055979,110
2,"Hombre",26.3858129786052,108
3,"Hombre",26.3285181708347,109
4,"Mujer",20.458116958615,107
5,"Hombre",25.5969160573629,118
6,"Mujer",24.0980233241488,109
7,"Mujer",28.3149476661024,118
8,"Mujer",23.6378062194809,112
9,"Hombre",26.9954169753785,111
10,"Hombre",27.3637662749759,104
11,"Mujer",30.7635573278967,112
12,"Mujer",20.2541149666697,104
13,"Mujer",19.1992237762094,106
14,"Hombre",22.4256984675716,114
15,"Mujer",23.4157120591978,120
16,"Hombre",27.714114565617,120
17,"Mujer",28.6828483701692,112
18,"Hombre",26.712016906922,103
19,"Hombre",30.1890698715189,112
20,"Hombre",34.7003387425086,118
21,"Hombre",24.5358753357739,114
22,"Mujer",25.8264651676266,115
23,"Hombre",30.522954097849,118
24,"Hombre",23.6631969496704,102
25,"Hombre",23.7479655341306,113
26,"Hombre",30.6022854787868,112
27,"Mujer",25.6889419958554,111
28,"Mujer",27.0524037472157,112
29,"Hombre",27.2252139189966,114
30,"Mujer",23.2081733364445,109
31,"Hombre",26.5230567435995,103
32,"Mujer",31.8159258804475,119
33,"Hombre",25.0173598728304,112
34,"Mujer",21.1724356867331,106
35,"Mujer",24.3186021552945,110
36,"Hombre",27.8271278556628,113
37,"Hombre",30.8873560525974,116
38,"Hombre",28.2407259633352,121
39,"Hombre",25.1962736578751,109
40,"Mujer",23.0035399141387,109
41,"Hombre",30.4740154238485,120
42,"Mujer",23.8765704425458,114
43,"Mujer",25.9729176408679,117
44,"Hombre",23.9883756958425,106
45,"Hombre",31.94260979412,126
46,"Hombre",24.0989616514115,110
47,"Hombre",35.2493319720663,128
48,"Mujer",19.2436431918753,99
49,"Hombre",25.5571985635981,111
50,"Hombre",22.3943163987729,114
51,"Mujer",36.4940517444186,116
52,"Hombre",27.5275348366261,108
53,"Hombre",25.5132324861505,106
54,"Hombre",25.1098296024091,105
55,"Hombre",22.6935257309399,106
56,"Mujer",23.1187655269221,110
57,"Mujer",21.5569858107488,97
58,"Hombre",19.8282322536475,107
59,"Mujer",33.7545373366834,123
60,"Hombre",30.1759864362431,124
61,"Hombre",24.1986121495664,116
62,"Mujer",26.7184371479955,115
63,"Mujer",31.6623793924267,107
64,"Hombre",26.2777521379018,108
65,"Hombre",28.5776288157738,111
66,"Mujer",33.8784846620159,121
67,"Hombre",26.9227047765958,111
68,"Hombre",23.9371759667785,103
69,"Hombre",23.1011826158657,117
70,"Hombre",22.4034848375803,112
71,"Mujer",22.6301326035101,109
72,"Hombre",22.7101015432608,114
73,"Hombre",24.5377702251973,103
74,"Hombre",25.475631231207,114
75,"Hombre",33.8754480209288,114
76,"Mujer",25.798749686923,114
77,"Mujer",21.9770176815997,107
78,"Hombre",26.8118433982548,115
79,"Mujer",29.9232524948846,121
80,"Mujer",20.4220371069823,106
81,"Mujer",35.2764698274623,123
82,"Mujer",25.0484020301707,104
83,"Hombre",26.6649316879718,108
84,"Mujer",21.8073614763021,115
85,"Mujer",22.6280565511837,110
86,"Mujer",18.9149193384738,95
87,"Hombre",20.6574397163007,100
88,"Hombre",29.4597900435093,113
89,"Mujer",27.1215217208069,116
90,"Hombre",20.7244273561128,106
91,"Mujer",21.55689014573,110
92,"Mujer",22.9890064082857,113
93,"Hombre",20.211423363418,115
94,"Mujer",19.8134818966713,106
95,"Mujer",24.604742028099,109
96,"Hombre",24.3763739113188,101
97,"Hombre",20.6529776600164,107
98,"Mujer",18.700796480893,102
99,"Hombre",34.9004357621027,113
100,"Hombre",21.3518780958593,106
